{
    "data": [
        {
            "name": "Shirt",
            "price": 150,
            "img": "https://picsum.photos/250/250?random=1"
        },
        {
            "name": "Socks",
            "price": 50,
            "img": "https://picsum.photos/250/250?random=2"
        },
        {
            "name": "Jacket",
            "price": 350,
            "img": "https://picsum.photos/250/250?random=3"
        },
        {
            "name": "Shoes",
            "price": 250,
            "img": "https://picsum.photos/250/250?random=4"
        }
    ]
}